t,x,y,vx,vy
0.0,0.0,5.0,49.4974746831,49.4974746831
0.01,0.492389054523,5.49140905452,49.2389054523,49.1409054523
0.02,0.982219360908,5.9792895361,48.9830306385,48.7880481582
0.03,1.46951744363,6.4636779135,48.7298082721,48.4388377398
0.04,1.95430941615,6.94461001981,48.479197252,48.093210631
0.05,2.43662098938,7.42212106699,48.2311573227,47.7511047173
0.06,2.91647747991,7.89624565993,47.9856490531,47.4124592943
0.07,3.39390381806,8.36701781021,47.7426338154,47.0772150283
0.08,3.8689245557,8.83447094938,47.5020737644,46.7453139169
0.09,4.34156387389,9.2986379419,47.2639318182,46.4166992523
0.1,4.81184559027,9.75955109775,47.0281716388,46.0913155848
0.11,5.27979316641,10.2172421846,46.7947576135,45.7691086879
0.12,5.74542971478,10.6717424399,46.563654837,45.450025525
0.13,6.20877800572,11.123082582,46.3348290938,45.1340142163
0.14,6.66986047413,11.5712928221,46.1082468412,44.8210240074
0.15,7.12869922606,12.0164028745,45.8838751931,44.5110052387
0.16,7.5853160451,12.4584419677,45.6616819036,44.2039093161
0.17,8.03973239861,12.8974388545,45.4416353517,43.8996886821
0.18,8.49196944388,13.3334218224,45.2237045263,43.5982967884
0.19,8.94204803399,13.7664187031,45.0078590113,43.2996880688
0.2,9.38998872371,14.1964568822,44.7940689716,43.0038179136
0.21,9.8358117751,14.6235633086,44.5823051394,42.7106426441
0.22,10.2795371631,15.0477645035,44.3725388001,42.4201194886
0.23,10.7211845809,15.4690865691,44.1647417803,42.1322065587
0.24,11.1607734452,15.8875551974,43.9588864342,41.8468628262
0.25,11.5983229016,16.3031956784,43.7549456317,41.5640481015
0.26,12.033851829,16.7160329085,43.5528927466,41.2837230115
0.27,12.4673788455,17.1260913983,43.3527016444,41.0058489793
0.28,12.8989223122,17.5333952803,43.1543466716,40.7303882039
0.29,13.3285003386,17.9379683167,42.9578026441,40.4573036404
0.3,13.756130787,18.3398339066,42.763044837,40.1865589812
0.31,14.1818312767,18.7390150929,42.5700489738,39.9181186377
0.32,14.6056191889,19.1355345702,42.3787912166,39.6519477223
0.33,15.0275116705,19.5294146905,42.189248156,39.388012031
0.34,15.4475256385,19.9206774707,42.0013968014,39.1262780268
0.35,15.8656777842,20.309344599,41.8152145721,38.8667128232
0.36,16.2819845771,20.6954374406,41.6306792877,38.6092841683
0.37,16.6964622687,21.0789770449,41.4477691597,38.3539604296
0.38,17.1091268965,21.4599841507,41.2664627824,38.1007105791
0.39,17.5199942877,21.8384791925,41.0867391252,37.8495041784
0.4,17.929080063,22.2144823062,40.9085775236,37.600311365
0.41,18.3363996397,22.5880133346,40.7319576718,37.3531028385
0.42,18.7419682359,22.959091833,40.5568596149,37.1078498471
0.43,19.1458008733,23.3277370748,40.3832637412,36.8645241749
0.44,19.547912381,23.6939680561,40.2111507748,36.6230981294
0.45,19.9483173987,24.0578035014,40.0405017687,36.3835445289
0.46,20.3470303797,24.4192618683,39.8712980976,36.145836691
0.47,20.7440655942,24.7783613525,39.703521451,35.9099484209
0.48,21.1394371325,25.1351198925,39.537153827,35.675854
0.49,21.5331589077,25.4895551742,39.3721775252,35.4435281755
0.5,21.9252446591,25.8416846357,39.2085751411,35.2129461492
0.51,22.3157079547,26.1915254714,39.0463295592,34.9840835675
0.52,22.7045621942,26.5390946365,38.8854239477,34.7569165111
0.53,23.0918206117,26.8844088514,38.7258417523,34.5314214855
0.54,23.4774962786,27.2274846055,38.5675666905,34.3075754113
0.55,23.8616021061,27.5683381616,38.4105827459,34.0853556151
0.56,24.2441508477,27.9069855598,38.2548741634,33.8647398203
0.57,24.6251551021,28.2434426212,38.100425443,33.6457061382
0.58,25.0046273155,28.5777249518,37.9472213354,33.4282330598
0.59,25.3825797839,28.9098479463,37.7952468365,33.2122994473
0.6,25.7590246557,29.2398267915,37.6444871829,32.997884526
0.61,26.1339739342,29.5676764703,37.4949278464,32.7849678763
0.62,26.5074394795,29.8934117646,37.3465545302,32.5735294263
0.63,26.8794330111,30.217047259,37.1993531636,32.3635494438
0.64,27.2499661101,30.5385973443,37.053309898,32.1550085296
0.65,27.6190502211,30.8580762204,36.9084111021,31.94788761
0.66,27.9866966547,31.1754978997,36.7646433581,31.7421679299
0.67,28.3529165892,31.4908762102,36.6219934574,31.5378310462
0.68,28.7177210732,31.8042247984,36.4804483962,31.334858821
0.69,29.0811210269,32.1155571325,36.3399953721,31.1332334153
0.7,29.4431272447,32.4248865054,36.2006217796,30.9329372828
0.71,29.8037503968,32.732226037,36.062315207,30.7339531638
0.72,30.1630010311,33.0375886778,35.9250634322,30.5362640789
0.73,30.5208895753,33.340987211,35.7888544191,30.3398533237
0.74,30.8774263385,33.6424342556,35.6536763143,30.1447044628
0.75,31.2326215129,33.9419422689,35.5195174436,29.9508013243
0.76,31.586485176,34.2395235488,35.3863663085,29.7581279946
0.77,31.9390272918,34.535190237,35.2542115831,29.566668813
0.78,32.2902577129,34.8289543206,35.1230421105,29.3764083664
0.79,32.6401861819,35.1208276355,34.9928469,29.1873314848
0.8,32.9888223332,35.4108218678,34.8636151242,28.9994232357
0.81,33.3361756943,35.698948557,34.7353361152,28.81266892
0.82,33.6822556879,35.9852190977,34.6079993625,28.627054067
0.83,34.027071633,36.269644742,34.4815945097,28.4425644297
0.84,34.3706327465,36.5522366018,34.3561113517,28.2591859809
0.85,34.7129481449,36.8330056509,34.2315398321,28.0769049083
0.86,35.0540268453,37.111962727,34.1078700402,27.8957076104
0.87,35.3938777674,37.3891185339,33.9850922088,27.7155806927
0.88,35.7325097345,37.6644836436,33.8631967113,27.5365109632
0.89,36.0699314751,37.9380684978,33.7421740592,27.3584854289
0.9,36.4061516241,38.2098834108,33.6220148997,27.1814912915
0.91,36.7411787242,38.4799385702,33.5027100133,27.0055159438
0.92,37.0750212273,38.7482440399,33.3842503113,26.8305469664
0.93,37.4076874956,39.0148097611,33.2666268338,26.6565721233
0.94,37.7391858031,39.2796455547,33.149830747,26.4835793593
0.95,38.0695243365,39.5427611226,33.0338533413,26.3115567957
0.96,38.3987111968,39.8041660499,32.918686029,26.1404927276
0.97,38.7267544002,40.0638698061,32.8043203422,25.9703756204
0.98,39.0536618795,40.3218817472,32.6907479306,25.8011941063
0.99,39.3794414851,40.578211117,32.5779605598,25.6329369818
1.0,39.7041009862,40.832867049,32.4659501089,25.4655932039
1.01,40.0276480719,41.0858585679,32.3547085688,25.2991518876
1.02,40.3500903523,41.3371945909,32.2442280401,25.1336023028
1.03,40.6714353596,41.5868839297,32.1345007315,24.9689338715
1.04,40.9916905492,41.8349352913,32.0255189577,24.8051361647
1.05,41.3108633006,42.0813572803,31.9172751375,24.6421989002
1.06,41.6289609185,42.3261583997,31.8097617926,24.4801119394
1.07,41.945990634,42.5693470526,31.7029715451,24.318865285
1.08,42.2619596051,42.8109315433,31.5968971165,24.158449078
1.09,42.5768749184,43.0509200793,31.4915313257,23.9988535959
1.1,42.8907435893,43.2893207718,31.3868670872,23.8400692494
1.11,43.2035725634,43.5261416376,31.28289741,23.6820865807
1.12,43.5153687173,43.7613906002,31.1796153956,23.5248962606
1.13,43.8261388597,43.9950754911,31.0770142366,23.3684890867
1.14,44.1358897318,44.2272040509,30.9750872153,23.2128559806
1.15,44.4446280088,44.4577839307,30.8738277022,23.0579879861
1.16,44.7523603004,44.6868226934,30.7732291544,22.9038762668
1.17,45.0590931515,44.9143278144,30.6732851144,22.750512104
1.18,45.3648330436,45.1403066834,30.5739892086,22.5978868949
1.19,45.6695863951,45.3647666049,30.4753351458,22.44599215
1.2,45.9733595622,45.5877147998,30.3773167163,22.2948194917
1.21,46.2761588401,45.8091584063,30.2799277901,22.1443606521
1.22,46.5779904633,46.029104481,30.1831623158,21.9946074709
1.23,46.8788606065,46.24756,30.0870143197,21.8455518936
1.24,47.1787753855,46.4645318597,29.9914779038,21.6971859702
1.25,47.477740858,46.6800268782,29.8965472452,21.5495018525
1.26,47.7757630239,46.8940517961,29.802216595,21.402491793
1.27,48.0728478267,47.1066132776,29.7084802765,21.256148143
1.28,48.3690011536,47.3177179111,29.6153326847,21.1104633507
1.29,48.6642288364,47.5273722107,29.5227682847,20.9654299598
1.3,48.9585366525,47.7355826167,29.430781611,20.8210406078
1.31,49.2519303252,47.942355497,29.3393672661,20.6772880244
1.32,49.5444155244,48.1476971473,29.2485199197,20.5341650298
1.33,49.8359978674,48.3516137926,29.1582343075,20.3916645335
1.34,50.1266829197,48.5541115879,29.0685052301,20.2497795323
1.35,50.4164761953,48.755196619,28.9793275524,20.1085031092
1.36,50.7053831573,48.9548749034,28.8906962019,19.9678284321
1.37,50.993409219,49.1531523909,28.8026061686,19.8277487517
1.38,51.280559744,49.3500349649,28.7150525035,19.688257401
1.39,51.5668400472,49.5455284428,28.6280303175,19.5493477932
1.4,51.852255395,49.739638577,28.5415347811,19.4110134206
1.41,52.1368110062,49.9323710556,28.4555611232,19.2732478537
1.42,52.4205120525,50.1237315029,28.37010463,19.1360447391
1.43,52.703363659,50.3137254809,28.2851606445,18.999397799
1.44,52.9853709046,50.5023584892,28.2007245653,18.8633008294
1.45,53.2665388231,50.6896359662,28.1167918462,18.7277476994
1.46,53.546872403,50.8755632897,28.033357995,18.5927323495
1.47,53.8263765888,51.0601457776,27.9504185729,18.4582487908
1.48,54.1050562807,51.2433886887,27.8679691934,18.3242911036
1.49,54.3829163359,51.425297223,27.7860055222,18.1908534365
1.5,54.6599615687,51.6058765231,27.7045232757,18.0579300051
1.51,54.9361967509,51.785131674,27.6235182205,17.9255150911
1.52,55.2116266126,51.9630677044,27.5429861731,17.7936030408
1.53,55.4862558426,52.139689587,27.4629229983,17.6621882648
1.54,55.7600890887,52.3150022394,27.3833246094,17.5312652363
1.55,56.0331309584,52.4890105243,27.3041869669,17.4008284903
1.56,56.3053860191,52.6617192505,27.2255060781,17.2708726228
1.57,56.5768587991,52.8331331734,27.1472779962,17.1413922895
1.58,56.8475537873,53.0032569955,27.0694988199,17.0123822052
1.59,57.1174754342,53.1720953669,26.9921646926,16.8838371424
1.6,57.3866281522,53.3396528862,26.9152718016,16.755751931
1.61,57.655016316,53.5059341008,26.838816378,16.6281214567
1.62,57.922644263,53.6709435074,26.7627946955,16.5009406607
1.63,58.1895162937,53.8346855528,26.6872030701,16.3742045383
1.64,58.4556366723,53.9971646342,26.6120378593,16.2479081387
1.65,58.7210096269,54.1583850998,26.5372954618,16.1220465633
1.66,58.9856393501,54.3183512495,26.4629723168,15.9966149657
1.67,59.2495299991,54.477067335,26.3890649033,15.8716085504
1.68,59.5126856965,54.6345375607,26.3155697396,15.747022572
1.69,59.7751105303,54.790766084,26.2424833829,15.6228523348
1.7,60.0368085546,54.9457570159,26.1698024286,15.4990931915
1.71,60.2977837897,55.0995144214,26.0975235099,15.3757405429
1.72,60.5580402227,55.2520423197,26.0256432971,15.2527898366
1.73,60.8175818076,55.4033446854,25.9541584973,15.1302365671
1.74,61.0764124662,55.5534254482,25.8830658537,15.0080762741
1.75,61.3345360876,55.7022884936,25.8123621452,14.8863045427
1.76,61.5919565295,55.8499376636,25.7420441859,14.7649170019
1.77,61.8486776177,55.9963767568,25.6721088248,14.6439093245
1.78,62.1047031472,56.1416095291,25.6025529449,14.5232772262
1.79,62.3600368818,56.2856396938,25.533373463,14.4030164648
1.8,62.6146825551,56.4284709222,25.4645673295,14.2831228399
1.81,62.8686438704,56.5701068441,25.3961315273,14.1635921919
1.82,63.1219245011,56.7105510481,25.3280630721,14.0444204014
1.83,63.3745280912,56.849807082,25.2603590115,13.925603389
1.84,63.6264582555,56.9878784531,25.1930164244,13.8071371141
1.85,63.8777185797,57.1247686289,25.1260324213,13.6890175747
1.86,64.1283126211,57.2604810369,25.059404143,13.5712408066
1.87,64.3782439087,57.3950190658,24.993128761,13.4538028829
1.88,64.6275159435,57.5283860649,24.9272034766,13.3366999135
1.89,64.8761321987,57.6605853453,24.8616255205,13.2199280444
1.9,65.1240961202,57.7916201799,24.7963921527,13.1034834571
1.91,65.3714111268,57.9214938036,24.731500662,12.9873623683
1.92,65.6180806105,58.0502094139,24.6669483654,12.8715610291
1.93,65.8641079366,58.1777701711,24.6027326081,12.7560757247
1.94,66.1094964442,58.3041791989,24.5388507629,12.6409027734
1.95,66.3542494465,58.4294395841,24.4753002298,12.5260385269
1.96,66.5983702309,58.5535543778,24.4120784359,12.4114793691
1.97,66.8418620592,58.676526595,24.3491828348,12.2972217158
1.98,67.0847281683,58.7983592151,24.2866109062,12.1832620142
1.99,67.3269717698,58.9190551826,24.2243601561,12.0695967427
2.0,67.568596051,59.0386174066,24.1624281157,11.9562224098
2.01,67.8096041744,59.1570487622,24.1008123416,11.8431355544
2.02,68.0499992786,59.2743520896,24.0395104153,11.7303327446
2.03,68.289784478,59.3905301954,23.978519943,11.6178105777
2.04,68.5289628635,59.5055858522,23.9178385552,11.5055656798
2.05,68.7675375026,59.6195217993,23.8574639061,11.3935947049
2.06,69.0055114393,59.7323407426,23.797393674,11.2818943351
2.07,69.2428876949,59.8440453554,23.7376255604,11.1704612794
2.08,69.4796692678,59.9546382781,23.6781572898,11.059292274
2.09,69.7158591339,60.064122119,23.6189866096,10.9483840816
2.1,69.9514602468,60.1724994539,23.5601112898,10.8377334908
2.11,70.1864755381,60.279772827,23.5015291226,10.727337316
2.12,70.4209079173,60.385944751,23.4432379221,10.6171923967
2.13,70.6547602725,60.491017707,23.385235524,10.5072955974
2.14,70.8880354704,60.594994145,23.3275197857,10.3976438071
2.15,71.1207363562,60.6978764844,23.2700885855,10.2882339389
2.16,71.3528657545,60.7996671137,23.2129398228,10.1790629294
2.17,71.5844264686,60.9003683911,23.1560714175,10.0701277388
2.18,71.8154212817,60.9999826446,23.0994813099,9.9614253501
2.19,72.0458529563,61.0985121723,23.0431674605,9.85295276909
2.2,72.2757242348,61.1959592425,22.9871278496,9.74470702366
2.21,72.5050378396,61.2923260942,22.9313604773,9.63668516365
2.22,72.7337964732,61.3876149368,22.8758633629,9.52888426044
2.23,72.9620028187,61.4818279509,22.8206345452,9.42130140663
2.24,73.1896595395,61.574967288,22.7656720815,9.31393371567
2.25,73.41676928,61.6670350712,22.7109740483,9.20677832154
2.26,73.6433346654,61.758033395,22.6565385402,9.09983237843
2.27,73.8693583021,61.8479643256,22.6023636702,8.99309306039
2.28,74.0948427778,61.9368299012,22.5484475695,8.88655756104
2.29,74.3197906617,62.0246321322,22.4947883869,8.78022309318
2.3,74.5442045045,62.111373001,22.4413842891,8.67408688859
2.31,74.7680868391,62.197054463,22.3882334598,8.56814619761
2.32,74.9914401802,62.2816784459,22.3353341004,8.46239828889
2.33,75.2142670244,62.3652468504,22.282684429,8.35684044908
2.34,75.4365698512,62.4477615502,22.2302826804,8.25146998252
2.35,75.6583511223,62.5292243923,22.1781271064,8.14628421095
2.36,75.8796132821,62.6096371971,22.1262159749,8.04128047322
2.37,76.1003587578,62.6890017583,22.0745475701,7.93645612499
2.38,76.3205899597,62.7673198437,22.0231201922,7.83180853847
2.39,76.5403092813,62.8445931947,21.9719321574,7.72733510211
2.4,76.7595190992,62.9208235269,21.9209817973,7.62303322033
2.41,76.9782217738,62.9960125301,21.8702674591,7.51890031327
2.42,77.1964196489,63.0701618682,21.8197875055,7.41493381646
2.43,77.414115052,63.14327318,21.7695403139,7.3111311806
2.44,77.6313102948,63.2153480787,21.7195242771,7.2074898713
2.45,77.8480076728,63.2863881524,21.6697378023,7.10400736878
2.46,78.0642094659,63.3563949641,21.6201793115,7.00068116761
2.47,78.2799179383,63.4253700519,21.5708472412,6.89750877649
2.48,78.4951353388,63.493314929,21.5217400419,6.79448771798
2.49,78.7098639005,63.5602310843,21.4728561786,6.69161552821
2.5,78.9241058418,63.6261199819,21.4241941298,6.5888897567
2.51,79.1378633657,63.6909830616,21.3757523882,6.48630796606
2.52,79.3511386603,63.7548217389,21.3275294598,6.38386773174
2.53,79.563933899,63.8176374053,21.2795238645,6.28156664185
2.54,79.7762512403,63.8794314283,21.2317341351,6.17940229685
2.55,79.9880928285,63.9402051514,21.1841588178,6.07737230935
2.56,80.1994607932,63.9999598944,21.1367964717,5.97547430387
2.57,80.4103572499,64.0586969536,21.0896456691,5.87370591663
2.58,80.6207842998,64.1164176015,21.0427049946,5.77206479525
2.59,80.8307440303,64.1731230875,20.9959730458,5.67054859861
2.6,81.0402385146,64.2288146375,20.9494484325,5.56915499657
2.61,81.2492698124,64.2834934542,20.9031297769,5.46788166975
2.62,81.4578399695,64.3371607173,20.8570157134,5.36672630933
2.63,81.6659510184,64.3898175834,20.8111048886,5.26568661681
2.64,81.873604978,64.4414651865,20.7653959607,5.1647603038
2.65,82.080803854,64.4921046374,20.7198875999,5.06394509183
2.66,82.2875496389,64.5417370245,20.674578488,4.96323871209
2.67,82.4938443121,64.5903634136,20.6294673184,4.86263890522
2.68,82.69968984,64.6379848478,20.5845527959,4.76214342116
2.69,82.9050881764,64.684602348,20.5398336365,4.66175001888
2.7,83.1100412621,64.7302169126,20.4953085673,4.56145646619
2.71,83.3145510254,64.774829518,20.4509763267,4.46126053955
2.72,83.518619382,64.8184411182,20.4068356638,4.36116002384
2.73,83.7222482354,64.8610526454,20.3628853386,4.2611527122
2.74,83.9254394766,64.9026650094,20.3191241217,4.16123640577
2.75,84.1281949845,64.9432790986,20.2755507942,4.06140891354
2.76,84.330516626,64.9828957791,20.232164148,3.96166805215
2.77,84.5324062559,65.0215158955,20.1889629849,3.86201164565
2.78,84.733865717,65.0591402708,20.1459461174,3.76243752536
2.79,84.9348968407,65.0957697061,20.1031123676,3.66294352964
2.8,85.1355014464,65.1314049811,20.0604605681,3.56352750371
2.81,85.335681342,65.1660468541,20.017989561,3.46418729947
2.82,85.535438324,65.1996960619,19.9756981986,3.36492077527
2.83,85.7347741774,65.2323533198,19.9335853427,3.2657257958
2.84,85.9336906761,65.2640193222,19.8916498646,3.1666002318
2.85,86.1321895825,65.2946947417,19.8498906452,3.06754195997
2.86,86.3302726483,65.3243802304,19.808306575,2.96854886271
2.87,86.5279416138,65.3530764187,19.7668965534,2.86961882799
2.88,86.7251982087,65.3807839161,19.7256594892,2.77074974913
2.89,86.9220441517,65.4075033114,19.6845943005,2.67193952464
2.9,87.1184811508,65.433235172,19.6436999142,2.57318605804
2.91,87.3145109035,65.4579800446,19.602975266,2.47448725765
2.92,87.5101350965,65.4817384549,19.5624193007,2.37584103645
2.93,87.7053554062,65.504510908,19.5220309716,2.27724531187
2.94,87.9001734986,65.5262978881,19.4818092409,2.17869800564
2.95,88.0945910294,65.5470998585,19.4417530792,2.08019704359
2.96,88.2886096441,65.5669172621,19.4018614654,1.98174035547
2.97,88.4822309779,65.5857505208,19.3621333872,1.88332587482
2.98,88.6754566563,65.6036000362,19.3225678402,1.78495153872
2.99,88.8682882946,65.6204661891,19.2831638284,1.6866152877
3.0,89.0607274983,65.6363493397,19.2439203638,1.58831506548
3.01,89.2527758629,65.6512498279,19.2048364667,1.49004881888
3.02,89.4444349746,65.6651679729,19.1659111652,1.39181449759
3.03,89.6357064095,65.6781040735,19.1271434951,1.29361005401
3.04,89.8265917345,65.6900584079,19.0885325003,1.1954334431
3.05,90.0170925069,65.7010312341,19.0500772323,1.09728262219
3.06,90.2072102744,65.7110227896,19.0117767502,0.999155550809
3.07,90.3969465756,65.7200332915,18.9736301208,0.901050190516
3.08,90.5863029398,65.7280629366,18.9356364181,0.802964504741
3.09,90.775280887,65.7351119012,18.897794724,0.704896458608
3.1,90.9638819283,65.7411803413,18.8601041273,0.606844018761
3.11,91.1521075655,65.7462683929,18.8225637242,0.508805153202
3.12,91.3399592917,65.7503761712,18.7851726182,0.410777831122
3.13,91.5274385909,65.7535037714,18.7479299198,0.312760022728
3.14,91.7145469384,65.7556512684,18.7108347467,0.214749699079
3.15,91.9012858006,65.7568187167,18.6738862235,0.116744831916
3.16,92.0876566354,65.7570061507,18.6370834816,0.0187433934951
3.17,92.273660892,65.7562135842,18.6004256594,-0.0792566435822
3.18,92.459300011,65.7544410244,18.5639119021,-0.17725598063
3.19,92.6445754246,65.7516884978,18.5275413615,-0.275252664645
3.2,92.8294885566,65.7479560511,18.4913131961,-0.373244668626
3.21,93.0140408223,65.7432437514,18.4552265709,-0.471229965896
3.22,93.1982336289,65.7375516861,18.4192806577,-0.56920653027
3.23,93.3820683752,65.7308799628,18.3834746344,-0.667172336223
3.24,93.5655464521,65.7232287092,18.3478076855,-0.765125359056
3.25,93.7486692421,65.7145980734,18.3122790018,-0.863063575066
3.26,93.9314381199,65.7049882238,18.2768877803,-0.96098496171
3.27,94.1138544522,65.6943993488,18.2416332243,-1.05888749778
3.28,94.2959195976,65.6828316572,18.2065145432,-1.15676916354
3.29,94.4776349071,65.6702853778,18.1715309524,-1.25462794095
3.3,94.6590017238,65.6567607596,18.1366816736,-1.35246181378
3.31,94.8400213832,65.642258072,18.1019659341,-1.45026876779
3.32,95.0206952129,65.6267776041,18.0673829675,-1.54804679091
3.33,95.201024533,65.6103196653,18.032932013,-1.64579387339
3.34,95.3810106561,65.5928845852,17.9986123156,-1.74350800795
3.35,95.5606548874,65.5744727133,17.9644231262,-1.84118719001
3.36,95.7399585244,65.5550844192,17.9303637013,-1.93882941776
3.37,95.9189228575,65.5347200922,17.8964333031,-2.0364326924
3.38,96.0975491694,65.5133801421,17.8626311992,-2.13399501827
3.39,96.2758387361,65.491064998,17.8289566631,-2.23151440301
3.4,96.4537928258,65.4677751094,17.7954089733,-2.32898885772
3.41,96.6314127,65.4435109455,17.7619874142,-2.42641639714
3.42,96.8086996127,65.4182729951,17.7286912753,-2.52379503982
3.43,96.9856548112,65.392061767,17.6955198514,-2.62112280822
3.44,97.1622795356,65.3648777897,17.6624724428,-2.71839772893
3.45,97.3385750192,65.3367216114,17.6295483548,-2.81561783282
3.46,97.5145424882,65.3075937998,17.5967468981,-2.91278115516
3.47,97.6901831621,65.2774949425,17.5640673882,-3.00988573581
3.48,97.8654982535,65.2464256463,17.5315091461,-3.10692961939
3.49,98.0404889685,65.2143865377,17.4990714975,-3.20391085539
3.5,98.2151565062,65.1813782627,17.4667537733,-3.30082749836
3.51,98.3895020593,65.1474014867,17.4345553093,-3.39767760805
3.52,98.5635268138,65.1124568942,17.402475446,-3.49445924955
3.53,98.7372319491,65.0765451892,17.3705135291,-3.5911704935
3.54,98.9106186382,65.0396670951,17.3386689088,-3.68780941614
3.55,99.0836880476,65.0018233541,17.3069409403,-3.78437409958
3.56,99.2564413374,64.9630147277,17.2753289833,-3.88086263184
3.57,99.4288796614,64.9232419967,17.2438324024,-3.97727310707
3.58,99.6010041671,64.8825059604,17.2124505666,-4.07360362566
3.59,99.7728159956,64.8408074375,17.1811828497,-4.16985229442
3.6,99.9443162819,64.7981472652,17.15002863,-4.26601722667
3.61,100.115506155,64.7545262998,17.1189872902,-4.36209654245
3.62,100.286386737,64.7099454161,17.0880582176,-4.45808836861
3.63,100.456959145,64.6644055077,17.0572408038,-4.55399083898
3.64,100.627224489,64.6179074868,17.026534445,-4.64980209449
3.65,100.797183875,64.5704522839,16.9959385416,-4.74552028335
3.66,100.9668384,64.5220408483,16.9654524982,-4.84114356113
3.67,101.136189157,64.4726741474,16.9350757239,-4.93667009093
3.68,101.305237233,64.422353167,16.904807632,-5.03209804352
3.69,101.47398371,64.371078911,16.8746476397,-5.12742559747
3.7,101.642429661,64.3188524016,16.8445951688,-5.22265093926
3.71,101.810576158,64.265674679,16.814649645,-5.31777226344
3.72,101.978424263,64.2115468012,16.784810498,-5.41278777275
3.73,102.145975035,64.1564698445,16.7550771616,-5.50769567825
3.74,102.313229525,64.1004449025,16.7254490738,-5.60249419945
3.75,102.480188782,64.0434730868,16.6959256763,-5.69718156442
3.76,102.646853846,63.9855555267,16.6665064149,-5.79175600993
3.77,102.813225754,63.9266933689,16.6371907394,-5.88621578159
3.78,102.979305535,63.8668877776,16.6079781031,-5.98055913392
3.79,103.145094214,63.8061399343,16.5788679637,-6.07478433052
3.8,103.310592812,63.7444510378,16.5498597821,-6.16888964419
3.81,103.475802342,63.6818223043,16.5209530235,-6.26287335698
3.82,103.640723814,63.6182549667,16.4921471565,-6.35673376041
3.83,103.80535823,63.5537502751,16.4634416534,-6.45046915549
3.84,103.96970659,63.4883094966,16.4348359905,-6.54407785289
3.85,104.133769887,63.4219339148,16.4063296474,-6.63755817303
3.86,104.297549108,63.3546248304,16.3779221075,-6.73090844619
3.87,104.461045236,63.2863835602,16.3496128576,-6.82412701263
3.88,104.62425925,63.217211438,16.3214013883,-6.91721222268
3.89,104.787192122,63.1471098137,16.2932871935,-7.01016243684
3.9,104.94984482,63.0760800534,16.2652697706,-7.10297602594
3.91,105.112218306,63.0041235397,16.2373486207,-7.19565137115
3.92,105.274313539,62.931241671,16.2095232481,-7.28818686415
3.93,105.43613147,62.857435862,16.1817931604,-7.38058090721
3.94,105.597673049,62.7827075428,16.1541578689,-7.47283191329
3.95,105.758939218,62.7070581598,16.126616888,-7.5649383061
3.96,105.919930915,62.6304891746,16.0991697354,-7.65689852025
3.97,106.080649074,62.5530020646,16.0718159322,-7.74871100131
3.98,106.241094625,62.4745983225,16.0445550028,-7.84037420589
3.99,106.401268489,62.3952794565,16.0173864746,-7.93188660176
4.0,106.561171588,62.3150469898,15.9903098784,-8.02324666791
4.01,106.720804836,62.2339024609,15.9633247481,-8.11445289466
4.02,106.880169142,62.151847423,15.9364306208,-8.20550378371
4.03,107.039265412,62.0688834445,15.9096270366,-8.29639784824
4.04,107.198094547,61.9850121084,15.8829135388,-8.387133613
4.05,107.356657444,61.9002350123,15.8562896738,-8.47770961438
4.06,107.514954994,61.8145537683,15.8297549909,-8.56812440048
4.07,107.672988085,61.7279700029,15.8033090426,-8.65837653118
4.08,107.830757598,61.6404853572,15.7769513842,-8.74846457824
4.09,107.988264414,61.5521014859,15.7506815741,-8.83838712533
4.1,108.145509406,61.4628200582,15.7244991736,-8.92814276815
4.11,108.302493443,61.3726427571,15.6984037468,-9.01773011445
4.12,108.459217392,61.2815712792,15.672394861,-9.10714778413
4.13,108.615682113,61.1896073352,15.6464720861,-9.19639440928
4.14,108.771888463,61.0967526488,15.6206349949,-9.28546863424
4.15,108.927837294,61.0030089577,15.594883163,-9.37436911571
4.16,109.083529456,60.9083780124,15.569216169,-9.46309452275
4.17,109.238965792,60.8128615771,15.543633594,-9.55164353685
4.18,109.394147142,60.7164614285,15.518135022,-9.64001485201
4.19,109.549074343,60.6191793568,15.4927200397,-9.72820717477
4.2,109.703748225,60.5210171645,15.4673882365,-9.81621922428
4.21,109.858169617,60.4219766672,15.4421392045,-9.90404973234
4.22,110.012339342,60.3220596928,15.4169725385,-9.99169744342
4.23,110.166258221,60.2212680816,15.3918878359,-10.0791611148
4.24,110.319927068,60.1196036865,15.3668846967,-10.1664395164
4.25,110.473346695,60.0170683722,15.3419627235,-10.2535314312
4.26,110.62651791,59.9136640156,15.3171215216,-10.3404356549
4.27,110.779441517,59.8093925057,15.2923606986,-10.4271509961
4.28,110.932118316,59.7042557429,15.2676798649,-10.5136762764
4.29,111.084549102,59.5982556396,15.2430786333,-10.6000103305
4.3,111.236734668,59.4913941195,15.2185566192,-10.6861520058
4.31,111.388675803,59.3836731179,15.1941134402,-10.7721001631
4.32,111.54037329,59.2750945811,15.1697487166,-10.8578536762
4.33,111.691827911,59.1656604668,15.1454620712,-10.9434114317
4.34,111.843040442,59.0553727435,15.1212531289,-11.0287723299
4.35,111.994011657,58.9442333907,15.0971215174,-11.1139352837
4.36,112.144742326,58.8322443985,15.0730668664,-11.1988992197
4.37,112.295233214,58.7194077677,15.0490888081,-11.2836630772
4.38,112.445485084,58.6057255096,15.0251869772,-11.3682258093
4.39,112.595498694,58.4911996458,15.0013610106,-11.4525863817
4.4,112.745274799,58.3758322081,14.9776105474,-11.536743774
4.41,112.894814152,58.2596252383,14.9539352291,-11.6206969787
4.42,113.044117499,58.1425807883,14.9303346994,-11.7044450017
4.43,113.193185585,58.0247009196,14.9068086045,-11.7879868623
4.44,113.34201915,57.9059877037,14.8833565923,-11.8713215929
4.45,113.490618934,57.7864432213,14.8599783135,-11.9544482394
4.46,113.638985668,57.6660695627,14.8366734207,-12.0373658611
4.47,113.787120084,57.5448688274,14.8134415686,-12.1200735304
4.48,113.935022908,57.4228431241,14.7902824143,-12.2025703333
4.49,114.082694864,57.2999945704,14.7671956169,-12.284855369
4.5,114.230136672,57.1763252929,14.7441808376,-12.3669277502
4.51,114.37734905,57.0518374268,14.7212377397,-12.4487866027
4.52,114.524332709,56.9265331162,14.6983659889,-12.5304310658
4.53,114.671088362,56.8004145133,14.6755652525,-12.6118602923
4.54,114.817616714,56.6734837788,14.6528352002,-12.693073448
4.55,114.963918469,56.5457430817,14.6301755037,-12.7740697123
4.56,115.109994327,56.4171945989,14.6075858366,-12.8548482779
4.57,115.255844986,56.2878405154,14.5850658746,-12.9354083506
4.58,115.401471139,56.1576830239,14.5626152954,-13.0157491498
4.59,115.546873477,56.0267243248,14.5402337788,-13.0958699079
4.6,115.692052687,55.8949666261,14.5179210063,-13.1757698709
4.61,115.837009454,55.7624121431,14.4956766615,-13.2554482978
4.62,115.981744458,55.6290630985,14.4735004301,-13.3349044608
4.63,116.126258378,55.494921722,14.4513919994,-13.4141376457
4.64,116.270551888,55.3599902505,14.4293510589,-13.4931471511
4.65,116.414625661,55.2242709276,14.4073772999,-13.571932289
4.66,116.558480366,55.0877660038,14.3854704154,-13.6504923845
4.67,116.702116667,54.950477736,14.3636301005,-13.7288267758
4.68,116.845535227,54.8124083879,14.3418560521,-13.8069348143
4.69,116.988736707,54.6735602293,14.3201479689,-13.8848158645
4.7,117.131721762,54.5339355362,14.2985055514,-13.9624693038
4.71,117.274491047,54.393536591,14.276928502,-14.0398945227
4.72,117.417045213,54.2523656817,14.2554165249,-14.1170909249
4.73,117.559384906,54.1104251025,14.2339693258,-14.1940579268
4.74,117.701510772,53.9677171529,14.2125866127,-14.2707949578
4.75,117.843423453,53.8242441383,14.1912680948,-14.3473014603
4.76,117.985123588,53.6800083694,14.1700134835,-14.4235768894
4.77,118.126611813,53.5350121623,14.1488224915,-14.4996207133
4.78,118.267888761,53.3892578381,14.1276948337,-14.5754324125
4.79,118.408955063,53.2427477233,14.1066302263,-14.6510114809
4.8,118.549811347,53.0954841491,14.0856283873,-14.7263574245
4.81,118.690458238,52.9474694515,14.0646890365,-14.8014697624
4.82,118.830896356,52.7987059712,14.0438118954,-14.8763480261
4.83,118.971126323,52.6491960536,14.0229966868,-14.9509917598
4.84,119.111148755,52.4989420484,14.0022431355,-15.0254005201
4.85,119.250964264,52.3479463096,13.9815509679,-15.0995738762
4.86,119.390573464,52.1962111955,13.9609199118,-15.1735114098
4.87,119.52997696,52.0437390684,13.9403496969,-15.2472127147
4.88,119.669175361,51.8905322944,13.9198400541,-15.3206773975
4.89,119.808169268,51.7365932436,13.8993907163,-15.3939050767
4.9,119.946959282,51.5819242898,13.8790014177,-15.4668953833
4.91,120.085546001,51.4265278102,13.8586718942,-15.5396479604
4.92,120.22393002,51.2704061856,13.8384018832,-15.6121624632
4.93,120.362111931,51.1135618,13.8181911236,-15.684438559
4.94,120.500092325,50.9559970407,13.7980393558,-15.7564759273
4.95,120.637871788,50.7977142981,13.7779463219,-15.8282742593
4.96,120.775450906,50.6387159655,13.7579117652,-15.8998332583
4.97,120.91283026,50.4790044391,13.7379354309,-15.9711526394
4.98,121.050010431,50.3185821179,13.7180170652,-16.0422321296
4.99,121.186991995,50.1574514032,13.6981564162,-16.1130714676
5.0,121.323775527,49.9956146991,13.6783532332,-16.1836704037
5.01,121.4603616,49.8330744121,13.658607267,-16.2540286998
5.02,121.596750783,49.6698329508,13.6389182699,-16.3241461297
5.03,121.732943643,49.5058927261,13.6192859957,-16.3940224783
5.04,121.868940745,49.3412561506,13.5997101993,-16.463657542
5.05,122.004742651,49.1759256394,13.5801906373,-16.5330511289
5.06,122.140349922,49.0099036088,13.5607270678,-16.602203058
5.07,122.275763114,48.8431924772,13.5413192498,-16.6711131598
5.08,122.410982784,48.6757946644,13.5219669442,-16.7397812758
5.09,122.546009483,48.5077125918,13.502669913,-16.8082072589
5.1,122.680843762,48.3389486821,13.4834279196,-16.8763909727
5.11,122.815486169,48.1695053592,13.4642407288,-16.944332292
5.12,122.94993725,47.9993850482,13.4451081067,-17.0120311024
5.13,123.084197548,47.8285901752,13.4260298206,-17.0794873005
5.14,123.218267605,47.6571231672,13.4070056394,-17.1467007934
5.15,123.352147958,47.4849864522,13.3880353331,-17.2136714991
5.16,123.485839145,47.3121824588,13.3691186731,-17.2803993462
5.17,123.619341699,47.138713616,13.350255432,-17.3468842739
5.18,123.752656153,46.9645823537,13.3314453837,-17.4131262317
5.19,123.885783036,46.7897911019,13.3126883036,-17.4791251796
5.2,124.018722876,46.614342291,13.2939839679,-17.5448810882
5.21,124.151476197,46.4382383517,13.2753321546,-17.6103939379
5.22,124.284043524,46.2614817145,13.2567326425,-17.6756637197
5.23,124.416425376,46.0840748101,13.238185212,-17.7406904344
5.24,124.548622272,45.9060200692,13.2196896443,-17.8054740931
5.25,124.68063473,45.727319922,13.2012457223,-17.8700147166
5.26,124.812463262,45.5479767987,13.1828532297,-17.934312336
5.27,124.944108381,45.3679931287,13.1645119517,-17.9983669918
5.28,125.075570598,45.1873713414,13.1462216746,-18.0621787344
5.29,125.20685042,45.0061138652,13.1279821859,-18.1257476239
5.3,125.337948353,44.8242231279,13.1097932741,-18.1890737299
5.31,125.4688649,44.6417015565,13.0916547291,-18.2521571317
5.32,125.599600563,44.4585515774,13.073566342,-18.3149979178
5.33,125.730155842,44.2747756155,13.0555279047,-18.3775961861
5.34,125.860531235,44.0903760951,13.0375392108,-18.4399520438
5.35,125.990727235,43.905355439,13.0196000544,-18.5020656075
5.36,126.120744337,43.719716069,13.0017102313,-18.5639370025
5.37,126.250583033,43.5334604053,12.9838695382,-18.6255663635
5.38,126.380243811,43.346590867,12.9660777727,-18.6869538341
5.39,126.509727158,43.1591098713,12.9483347338,-18.7480995665
5.4,126.63903356,42.9710198341,12.9306402216,-18.8090037221
5.41,126.7681635,42.7823231694,12.9129940371,-18.8696664707
5.42,126.89711746,42.5930222895,12.8953959825,-18.9300879909
5.43,127.025895919,42.4031196048,12.8778458612,-18.9902684699
5.44,127.154499354,42.2126175238,12.8603434773,-19.0502081032
5.45,127.28292824,42.0215184528,12.8428886364,-19.1099070949
5.46,127.411183051,41.8298247962,12.8254811449,-19.1693656572
5.47,127.53926426,41.6375389561,12.8081208102,-19.2285840108
5.48,127.667172334,41.4446633323,12.7908074411,-19.2875623844
5.49,127.794907742,41.2512003221,12.7735408469,-19.3463010147
5.5,127.922470951,41.0571523207,12.7563208384,-19.4048001465
5.51,128.049862423,40.8625217203,12.7391472272,-19.4630600326
5.52,128.177082621,40.667310911,12.722019826,-19.5210809335
5.53,128.304132006,40.4715222798,12.7049384483,-19.5788631175
5.54,128.431011035,40.2751582112,12.6879029089,-19.6364068605
5.55,128.557720165,40.0782210868,12.6709130234,-19.6937124461
5.56,128.684259851,39.8807132851,12.6539686084,-19.7507801654
5.57,128.810630546,39.6826371819,12.6370694816,-19.8076103169
5.58,128.936832701,39.4839951499,12.6202154616,-19.8642032063
5.59,129.062866764,39.2847895584,12.6034063679,-19.9205591469
5.6,129.188733185,39.0850227738,12.586642021,-19.9766784589
5.61,129.314432407,38.8846971591,12.5699222425,-20.0325614696
5.62,129.439964876,38.683815074,12.5532468547,-20.0882085136
5.63,129.565331032,38.4823788747,12.5366156811,-20.1436199322
5.64,129.690531318,38.2803909139,12.5200285459,-20.1987960736
5.65,129.815566171,38.077853541,12.5034852744,-20.2537372929
5.66,129.940436027,37.8747691015,12.4869856928,-20.3084439517
5.67,130.065141324,37.6711399373,12.470529628,-20.3629164184
5.68,130.189682493,37.4669683866,12.4541169082,-20.4171550678
5.69,130.314059966,37.2622567838,12.4377473622,-20.4711602814
5.7,130.438274175,37.0570074593,12.4214208198,-20.5249324469
5.71,130.562325546,36.8512227398,12.4051371116,-20.5784719582
5.72,130.686214506,36.6449049476,12.3888960693,-20.6317792156
5.73,130.809941482,36.4380564013,12.3726975254,-20.6848546256
5.74,130.933506895,36.2306794153,12.3565413131,-20.7376986006
5.75,131.056911168,36.0227762998,12.3404272667,-20.790311559
5.76,131.18015472,35.8143493605,12.3243552212,-20.8426939252
5.77,131.30323797,35.6054008992,12.3083250126,-20.8948461294
5.78,131.426161335,35.3959332131,12.2923364777,-20.9467686076
5.79,131.548925229,35.1859485951,12.276389454,-20.9984618013
5.8,131.671530067,34.9754493335,12.2604837802,-21.0499261577
5.81,131.79397626,34.7644377122,12.2446192953,-21.1011621297
5.82,131.916264218,34.5529160105,12.2287958397,-21.1521701753
5.83,132.038394351,34.3408865029,12.2130132543,-21.2029507581
5.84,132.160367065,34.1283514594,12.1972713809,-21.2535043468
5.85,132.282182765,33.9153131453,12.1815700621,-21.3038314157
5.86,132.403841857,33.7017738208,12.1659091413,-21.3539324437
5.87,132.525344741,33.4877357417,12.1502884627,-21.4038079151
5.88,132.64669182,33.2732011585,12.1347078714,-21.4534583192
5.89,132.767883492,33.058172317,12.1191672131,-21.5028841501
5.9,132.888920156,32.8426514579,12.1036663345,-21.5520859067
5.91,133.009802206,32.626640817,12.088205083,-21.6010640926
5.92,133.130530039,32.4101426248,12.0727833068,-21.6498192164
5.93,133.251104048,32.1931591069,12.0574008547,-21.698351791
5.94,133.371524624,31.9756924836,12.0420575765,-21.746662334
5.95,133.491792157,31.7577449699,12.0267533228,-21.7947513673
5.96,133.611907036,31.5393187757,12.0114879447,-21.8426194174
5.97,133.731869649,31.3204161056,11.9962612942,-21.890267015
5.98,133.851680382,31.1010391586,11.9810732241,-21.937694695
5.99,133.971339617,30.8811901287,11.9659235879,-21.9849029966
6.0,134.09084774,30.6608712041,11.9508122399,-22.031892463
6.01,134.21020513,30.4400845676,11.9357390349,-22.0786636415
6.02,134.329412169,30.2188323968,11.9207038287,-22.1252170833
6.03,134.448469233,29.9971168634,11.9057064777,-22.1715533435
6.04,134.567376702,29.7749401336,11.8907468391,-22.2176729811
6.05,134.686134949,29.552304368,11.8758247708,-22.2635765588
6.06,134.804744351,29.3292117215,11.8609401312,-22.309264643
6.07,134.923205279,29.1056643435,11.8460927799,-22.3547378035
6.08,135.041518104,28.8816643774,11.8312825766,-22.3999966141
6.09,135.159683198,28.6572139608,11.8165093822,-22.4450416517
6.1,135.277700929,28.4323152259,11.801773058,-22.4898734966
6.11,135.395571663,28.2069702986,11.7870734661,-22.5344927327
6.12,135.513295768,27.9811812991,11.7724104693,-22.5788999471
6.13,135.630873607,27.7549503418,11.7577839311,-22.6230957299
6.14,135.748305545,27.528279535,11.7431937155,-22.6670806745
6.15,135.865591941,27.3011709813,11.7286396874,-22.7108553775
6.16,135.982733159,27.0736267769,11.7141217122,-22.7544204382
6.17,136.099729555,26.8456490123,11.6996396562,-22.7977764592
6.18,136.216581489,26.6172397718,11.6851933861,-22.8409240458
6.19,136.333289317,26.3884011338,11.6707827694,-22.883863806
6.2,136.449853393,26.1591351703,11.6564076742,-22.9265963508
6.21,136.566274073,25.9294439473,11.6420679692,-22.9691222938
6.22,136.682551708,25.6993295248,11.627763524,-23.0114422511
6.23,136.79868665,25.4687939564,11.6134942084,-23.0535568417
6.24,136.914679249,25.2378392895,11.5992598934,-23.0954666867
6.25,137.030529854,25.0064675654,11.5850604501,-23.1371724099
6.26,137.146238811,24.7746808191,11.5708957505,-23.1786746375
6.27,137.261806468,24.5424810791,11.5567656673,-23.219973998
6.28,137.377233169,24.3098703679,11.5426700735,-23.261071122
6.29,137.492519257,24.0768507014,11.5286088432,-23.3019666425
6.3,137.607665076,23.8434240895,11.5145818506,-23.3426611945
6.31,137.722670965,23.6095925353,11.5005889708,-23.3831554154
6.32,137.837537266,23.3753580359,11.4866300796,-23.4234499442
6.33,137.952264317,23.1407225817,11.4727050531,-23.4635454222
6.34,138.066852454,22.9056881567,11.4588137683,-23.5034424925
6.35,138.181302015,22.6702567387,11.4449561026,-23.5431418
6.36,138.295613335,22.4344302988,11.431131934,-23.5826439916
6.37,138.409786746,22.1982108017,11.4173411412,-23.6219497158
6.38,138.523822582,21.9616002054,11.4035836034,-23.6610596227
6.39,138.637721174,21.7246004618,11.3898592004,-23.6999743644
6.4,138.751482852,21.4872135159,11.3761678127,-23.7386945942
6.41,138.865107946,21.2494413062,11.3625093211,-23.7772209671
6.42,138.978596782,21.0112857648,11.3488836073,-23.8155541396
6.43,139.091949687,20.7727488171,11.3352905532,-23.8536947697
6.44,139.205166988,20.5338323819,11.3217300417,-23.8916435165
6.45,139.318249007,20.2945383715,11.3082019559,-23.9294010408
6.46,139.431196069,20.0548686915,11.2947061796,-23.9669680044
6.47,139.544008495,19.8148252408,11.2812425971,-24.0043450704
6.48,139.656686606,19.5744099117,11.2678110934,-24.0415329031
6.49,139.769230721,19.3336245901,11.2544115539,-24.0785321679
6.5,139.88164116,19.0924711547,11.2410438646,-24.1153435313
6.51,139.993918239,18.8509514781,11.227707912,-24.1519676608
6.52,140.106062275,18.6090674259,11.2144035831,-24.1884052248
6.53,140.218073583,18.366820857,11.2011307656,-24.2246568929
6.54,140.329952476,18.1242136236,11.1878893477,-24.2607233352
6.55,140.441699268,17.8812475714,11.1746792179,-24.2966052229
6.56,140.553314271,17.6379245391,11.1615002655,-24.3323032279
6.57,140.664797795,17.3942463589,11.1483523802,-24.3678180229
6.58,140.776150149,17.1502148561,11.1352354522,-24.4031502812
6.59,140.887371643,16.9058318493,11.1221493723,-24.4383006769
6.6,140.998462583,16.6610991505,11.1090940317,-24.4732698845
6.61,141.109423277,16.4160185647,11.0960693223,-24.5080585793
6.62,141.220254028,16.1705918903,11.0830751362,-24.5426674368
6.63,141.330955142,15.924820919,11.0701113663,-24.5770971334
6.64,141.441526921,15.6787074355,11.0571779058,-24.6113483457
6.65,141.551969667,15.432253218,11.0442746487,-24.6454217505
6.66,141.662283682,15.1854600377,11.031401489,-24.6793180253
6.67,141.772469265,14.9383296593,11.0185583217,-24.7130378477
6.68,141.882526716,14.6908638403,11.0057450419,-24.7465818956
6.69,141.992456331,14.4430643318,10.9929615455,-24.7799508472
6.7,142.102258408,14.194932878,10.9802077286,-24.8131453809
6.71,142.211933243,13.9464712163,10.967483488,-24.846166175
6.72,142.32148113,13.6976810772,10.9547887209,-24.8790139083
6.73,142.430902364,13.4485641846,10.942123325,-24.9116892593
6.74,142.540197236,13.1991222555,10.9294871984,-24.9441929067
6.75,142.649366038,12.9493570002,10.9168802396,-24.9765255293
6.76,142.758409062,12.6992701222,10.9043023479,-25.0086878057
6.77,142.867326596,12.448863318,10.8917534228,-25.0406804144
6.78,142.976118929,12.1981382777,10.8792333642,-25.0725040338
6.79,143.08478635,11.9470966843,10.8667420727,-25.1041593424
6.8,143.193329145,11.6957402141,10.8542794491,-25.1356470181
6.81,143.301747599,11.4440705367,10.8418453949,-25.1669677388
6.82,143.410041997,11.1920893149,10.8294398119,-25.1981221822
6.83,143.518212623,10.9397982046,10.8170626024,-25.2291110256
6.84,143.626259759,10.6871988552,10.8047136691,-25.259934946
6.85,143.734183689,10.434292909,10.7923929152,-25.2905946199
6.86,143.841984691,10.1810820017,10.7801002442,-25.3210907238
6.87,143.949663047,9.9275677624,10.7678355604,-25.3514239334
6.88,144.057219034,9.67375181316,10.7555987681,-25.381594924
6.89,144.164652932,9.41963576946,10.7433897723,-25.4116043705
6.9,144.271965017,9.16522123998,10.7312084783,-25.4414529473
6.91,144.379155565,8.9105098267,10.719054792,-25.4711413282
6.92,144.486224851,8.65550312484,10.7069286196,-25.5006701864
6.93,144.59317315,8.40020272289,10.6948298676,-25.5300401945
6.94,144.700000734,8.14461020265,10.6827584432,-25.5592520244
6.95,144.806707877,7.88872713917,10.6707142538,-25.5883063475
6.96,144.913294849,7.63255510083,10.6586972073,-25.6172038344
6.97,145.019761921,7.37609564928,10.6467072121,-25.6459451549
6.98,145.126109363,7.1193503395,10.6347441769,-25.6745309781
6.99,145.232337443,6.86232071978,10.6228080108,-25.7029619724
7.0,145.338446429,6.60500833172,10.6108986234,-25.7312388053
7.01,145.444436588,6.34741471029,10.5990159246,-25.7593621434
7.02,145.550308186,6.08954138376,10.5871598247,-25.7873326526
7.03,145.656061489,5.83138987379,10.5753302346,-25.8151509978
7.04,145.761696759,5.57296169536,10.5635270653,-25.8428178429
7.05,145.867214262,5.31425835684,10.5517502285,-25.8703338512
7.06,145.972614258,5.05528136,10.539999636,-25.8976996845
7.07,146.07789701,4.79603219996,10.5282752003,-25.9249160042
7.08,146.183062778,4.53651236526,10.516576834,-25.9519834701
7.09,146.288111823,4.27672333784,10.5049044502,-25.9789027415
7.1,146.393044402,4.01666659308,10.4932579626,-26.0056744763
7.11,146.497860775,3.75634359976,10.4816372848,-26.0322993314
7.12,146.602561199,3.49575582014,10.4700423313,-26.0587779626
7.13,146.707145929,3.23490470989,10.4584730166,-26.0851110245
7.14,146.811615221,2.97379171819,10.4469292558,-26.1112991707
7.15,146.915969331,2.71241828765,10.4354109642,-26.1373430535
7.16,147.020208512,2.45078585441,10.4239180577,-26.163243324
7.17,147.124333016,2.18889584809,10.4124504524,-26.1890006322
7.18,147.228343097,1.92674969182,10.4010080648,-26.2146156268
7.19,147.332239005,1.66434880227,10.3895908118,-26.2400889551
7.2,147.436020991,1.40169458964,10.3781986106,-26.2654212634
7.21,147.539689305,1.13878845767,10.3668313789,-26.2906131965
7.22,147.643244195,0.875631803692,10.3554890345,-26.3156653979
7.23,147.74668591,0.612226018593,10.3441714959,-26.3405785099
7.24,147.850014697,0.348572486861,10.3328786817,-26.3653531732
7.25,147.953230802,0.0846725865865,10.3216105109,-26.3899900274
7.26,147.953230802,0.0,0.0,0.0
7.27,147.953230802,0.0,0.0,0.0
7.28,147.953230802,0.0,0.0,0.0
7.29,147.953230802,0.0,0.0,0.0
7.3,147.953230802,0.0,0.0,0.0
7.31,147.953230802,0.0,0.0,0.0
7.32,147.953230802,0.0,0.0,0.0
7.33,147.953230802,0.0,0.0,0.0
7.34,147.953230802,0.0,0.0,0.0
7.35,147.953230802,0.0,0.0,0.0
7.36,147.953230802,0.0,0.0,0.0
7.37,147.953230802,0.0,0.0,0.0
7.38,147.953230802,0.0,0.0,0.0
7.39,147.953230802,0.0,0.0,0.0
7.4,147.953230802,0.0,0.0,0.0
7.41,147.953230802,0.0,0.0,0.0
7.42,147.953230802,0.0,0.0,0.0
7.43,147.953230802,0.0,0.0,0.0
7.44,147.953230802,0.0,0.0,0.0
7.45,147.953230802,0.0,0.0,0.0
7.46,147.953230802,0.0,0.0,0.0
7.47,147.953230802,0.0,0.0,0.0
7.48,147.953230802,0.0,0.0,0.0
7.49,147.953230802,0.0,0.0,0.0
7.5,147.953230802,0.0,0.0,0.0
7.51,147.953230802,0.0,0.0,0.0
7.52,147.953230802,0.0,0.0,0.0
7.53,147.953230802,0.0,0.0,0.0
7.54,147.953230802,0.0,0.0,0.0
7.55,147.953230802,0.0,0.0,0.0
7.56,147.953230802,0.0,0.0,0.0
7.57,147.953230802,0.0,0.0,0.0
7.58,147.953230802,0.0,0.0,0.0
7.59,147.953230802,0.0,0.0,0.0
7.6,147.953230802,0.0,0.0,0.0
7.61,147.953230802,0.0,0.0,0.0
7.62,147.953230802,0.0,0.0,0.0
7.63,147.953230802,0.0,0.0,0.0
7.64,147.953230802,0.0,0.0,0.0
7.65,147.953230802,0.0,0.0,0.0
7.66,147.953230802,0.0,0.0,0.0
7.67,147.953230802,0.0,0.0,0.0
7.68,147.953230802,0.0,0.0,0.0
7.69,147.953230802,0.0,0.0,0.0
7.7,147.953230802,0.0,0.0,0.0
7.71,147.953230802,0.0,0.0,0.0
7.72,147.953230802,0.0,0.0,0.0
7.73,147.953230802,0.0,0.0,0.0
7.74,147.953230802,0.0,0.0,0.0
7.75,147.953230802,0.0,0.0,0.0
7.76,147.953230802,0.0,0.0,0.0
7.77,147.953230802,0.0,0.0,0.0
7.78,147.953230802,0.0,0.0,0.0
7.79,147.953230802,0.0,0.0,0.0
7.8,147.953230802,0.0,0.0,0.0
7.81,147.953230802,0.0,0.0,0.0
7.82,147.953230802,0.0,0.0,0.0
7.83,147.953230802,0.0,0.0,0.0
7.84,147.953230802,0.0,0.0,0.0
7.85,147.953230802,0.0,0.0,0.0
7.86,147.953230802,0.0,0.0,0.0
7.87,147.953230802,0.0,0.0,0.0
7.88,147.953230802,0.0,0.0,0.0
7.89,147.953230802,0.0,0.0,0.0
7.9,147.953230802,0.0,0.0,0.0
7.91,147.953230802,0.0,0.0,0.0
7.92,147.953230802,0.0,0.0,0.0
7.93,147.953230802,0.0,0.0,0.0
7.94,147.953230802,0.0,0.0,0.0
7.95,147.953230802,0.0,0.0,0.0
7.96,147.953230802,0.0,0.0,0.0
7.97,147.953230802,0.0,0.0,0.0
7.98,147.953230802,0.0,0.0,0.0
7.99,147.953230802,0.0,0.0,0.0
8.0,147.953230802,0.0,0.0,0.0
8.01,147.953230802,0.0,0.0,0.0
8.02,147.953230802,0.0,0.0,0.0
8.03,147.953230802,0.0,0.0,0.0
8.04,147.953230802,0.0,0.0,0.0
8.05,147.953230802,0.0,0.0,0.0
8.06,147.953230802,0.0,0.0,0.0
8.07,147.953230802,0.0,0.0,0.0
8.08,147.953230802,0.0,0.0,0.0
8.09,147.953230802,0.0,0.0,0.0
8.1,147.953230802,0.0,0.0,0.0
8.11,147.953230802,0.0,0.0,0.0
8.12,147.953230802,0.0,0.0,0.0
8.13,147.953230802,0.0,0.0,0.0
8.14,147.953230802,0.0,0.0,0.0
8.15,147.953230802,0.0,0.0,0.0
8.16,147.953230802,0.0,0.0,0.0
8.17,147.953230802,0.0,0.0,0.0
8.18,147.953230802,0.0,0.0,0.0
8.19,147.953230802,0.0,0.0,0.0
8.2,147.953230802,0.0,0.0,0.0
8.21,147.953230802,0.0,0.0,0.0
8.22,147.953230802,0.0,0.0,0.0
8.23,147.953230802,0.0,0.0,0.0
8.24,147.953230802,0.0,0.0,0.0
8.25,147.953230802,0.0,0.0,0.0
8.26,147.953230802,0.0,0.0,0.0
8.27,147.953230802,0.0,0.0,0.0
8.28,147.953230802,0.0,0.0,0.0
8.29,147.953230802,0.0,0.0,0.0
8.3,147.953230802,0.0,0.0,0.0
8.31,147.953230802,0.0,0.0,0.0
8.32,147.953230802,0.0,0.0,0.0
8.33,147.953230802,0.0,0.0,0.0
8.34,147.953230802,0.0,0.0,0.0
8.35,147.953230802,0.0,0.0,0.0
8.36,147.953230802,0.0,0.0,0.0
8.37,147.953230802,0.0,0.0,0.0
8.38,147.953230802,0.0,0.0,0.0
8.39,147.953230802,0.0,0.0,0.0
8.4,147.953230802,0.0,0.0,0.0
8.41,147.953230802,0.0,0.0,0.0
8.42,147.953230802,0.0,0.0,0.0
8.43,147.953230802,0.0,0.0,0.0
8.44,147.953230802,0.0,0.0,0.0
8.45,147.953230802,0.0,0.0,0.0
8.46,147.953230802,0.0,0.0,0.0
8.47,147.953230802,0.0,0.0,0.0
8.48,147.953230802,0.0,0.0,0.0
8.49,147.953230802,0.0,0.0,0.0
8.5,147.953230802,0.0,0.0,0.0
8.51,147.953230802,0.0,0.0,0.0
8.52,147.953230802,0.0,0.0,0.0
8.53,147.953230802,0.0,0.0,0.0
8.54,147.953230802,0.0,0.0,0.0
8.55,147.953230802,0.0,0.0,0.0
8.56,147.953230802,0.0,0.0,0.0
8.57,147.953230802,0.0,0.0,0.0
8.58,147.953230802,0.0,0.0,0.0
8.59,147.953230802,0.0,0.0,0.0
8.6,147.953230802,0.0,0.0,0.0
8.61,147.953230802,0.0,0.0,0.0
8.62,147.953230802,0.0,0.0,0.0
8.63,147.953230802,0.0,0.0,0.0
8.64,147.953230802,0.0,0.0,0.0
8.65,147.953230802,0.0,0.0,0.0
8.66,147.953230802,0.0,0.0,0.0
8.67,147.953230802,0.0,0.0,0.0
8.68,147.953230802,0.0,0.0,0.0
8.69,147.953230802,0.0,0.0,0.0
8.7,147.953230802,0.0,0.0,0.0
8.71,147.953230802,0.0,0.0,0.0
8.72,147.953230802,0.0,0.0,0.0
8.73,147.953230802,0.0,0.0,0.0
8.74,147.953230802,0.0,0.0,0.0
8.75,147.953230802,0.0,0.0,0.0
8.76,147.953230802,0.0,0.0,0.0
8.77,147.953230802,0.0,0.0,0.0
8.78,147.953230802,0.0,0.0,0.0
8.79,147.953230802,0.0,0.0,0.0
8.8,147.953230802,0.0,0.0,0.0
8.81,147.953230802,0.0,0.0,0.0
8.82,147.953230802,0.0,0.0,0.0
8.83,147.953230802,0.0,0.0,0.0
8.84,147.953230802,0.0,0.0,0.0
8.85,147.953230802,0.0,0.0,0.0
8.86,147.953230802,0.0,0.0,0.0
8.87,147.953230802,0.0,0.0,0.0
8.88,147.953230802,0.0,0.0,0.0
8.89,147.953230802,0.0,0.0,0.0
8.9,147.953230802,0.0,0.0,0.0
8.91,147.953230802,0.0,0.0,0.0
8.92,147.953230802,0.0,0.0,0.0
8.93,147.953230802,0.0,0.0,0.0
8.94,147.953230802,0.0,0.0,0.0
8.95,147.953230802,0.0,0.0,0.0
8.96,147.953230802,0.0,0.0,0.0
8.97,147.953230802,0.0,0.0,0.0
8.98,147.953230802,0.0,0.0,0.0
8.99,147.953230802,0.0,0.0,0.0
9.0,147.953230802,0.0,0.0,0.0
9.01,147.953230802,0.0,0.0,0.0
9.02,147.953230802,0.0,0.0,0.0
9.03,147.953230802,0.0,0.0,0.0
9.04,147.953230802,0.0,0.0,0.0
9.05,147.953230802,0.0,0.0,0.0
9.06,147.953230802,0.0,0.0,0.0
9.07,147.953230802,0.0,0.0,0.0
9.08,147.953230802,0.0,0.0,0.0
9.09,147.953230802,0.0,0.0,0.0
9.1,147.953230802,0.0,0.0,0.0
9.11,147.953230802,0.0,0.0,0.0
9.12,147.953230802,0.0,0.0,0.0
9.13,147.953230802,0.0,0.0,0.0
9.14,147.953230802,0.0,0.0,0.0
9.15,147.953230802,0.0,0.0,0.0
9.16,147.953230802,0.0,0.0,0.0
9.17,147.953230802,0.0,0.0,0.0
9.18,147.953230802,0.0,0.0,0.0
9.19,147.953230802,0.0,0.0,0.0
9.2,147.953230802,0.0,0.0,0.0
9.21,147.953230802,0.0,0.0,0.0
9.22,147.953230802,0.0,0.0,0.0
9.23,147.953230802,0.0,0.0,0.0
9.24,147.953230802,0.0,0.0,0.0
9.25,147.953230802,0.0,0.0,0.0
9.26,147.953230802,0.0,0.0,0.0
9.27,147.953230802,0.0,0.0,0.0
9.28,147.953230802,0.0,0.0,0.0
9.29,147.953230802,0.0,0.0,0.0
9.3,147.953230802,0.0,0.0,0.0
9.31,147.953230802,0.0,0.0,0.0
9.32,147.953230802,0.0,0.0,0.0
9.33,147.953230802,0.0,0.0,0.0
9.34,147.953230802,0.0,0.0,0.0
9.35,147.953230802,0.0,0.0,0.0
9.36,147.953230802,0.0,0.0,0.0
9.37,147.953230802,0.0,0.0,0.0
9.38,147.953230802,0.0,0.0,0.0
9.39,147.953230802,0.0,0.0,0.0
9.4,147.953230802,0.0,0.0,0.0
9.41,147.953230802,0.0,0.0,0.0
9.42,147.953230802,0.0,0.0,0.0
9.43,147.953230802,0.0,0.0,0.0
9.44,147.953230802,0.0,0.0,0.0
9.45,147.953230802,0.0,0.0,0.0
9.46,147.953230802,0.0,0.0,0.0
9.47,147.953230802,0.0,0.0,0.0
9.48,147.953230802,0.0,0.0,0.0
9.49,147.953230802,0.0,0.0,0.0
9.5,147.953230802,0.0,0.0,0.0
9.51,147.953230802,0.0,0.0,0.0
9.52,147.953230802,0.0,0.0,0.0
9.53,147.953230802,0.0,0.0,0.0
9.54,147.953230802,0.0,0.0,0.0
9.55,147.953230802,0.0,0.0,0.0
9.56,147.953230802,0.0,0.0,0.0
9.57,147.953230802,0.0,0.0,0.0
9.58,147.953230802,0.0,0.0,0.0
9.59,147.953230802,0.0,0.0,0.0
9.6,147.953230802,0.0,0.0,0.0
9.61,147.953230802,0.0,0.0,0.0
9.62,147.953230802,0.0,0.0,0.0
9.63,147.953230802,0.0,0.0,0.0
9.64,147.953230802,0.0,0.0,0.0
9.65,147.953230802,0.0,0.0,0.0
9.66,147.953230802,0.0,0.0,0.0
9.67,147.953230802,0.0,0.0,0.0
9.68,147.953230802,0.0,0.0,0.0
9.69,147.953230802,0.0,0.0,0.0
9.7,147.953230802,0.0,0.0,0.0
9.71,147.953230802,0.0,0.0,0.0
9.72,147.953230802,0.0,0.0,0.0
9.73,147.953230802,0.0,0.0,0.0
9.74,147.953230802,0.0,0.0,0.0
9.75,147.953230802,0.0,0.0,0.0
9.76,147.953230802,0.0,0.0,0.0
9.77,147.953230802,0.0,0.0,0.0
9.78,147.953230802,0.0,0.0,0.0
9.79,147.953230802,0.0,0.0,0.0
9.8,147.953230802,0.0,0.0,0.0
9.81,147.953230802,0.0,0.0,0.0
9.82,147.953230802,0.0,0.0,0.0
9.83,147.953230802,0.0,0.0,0.0
9.84,147.953230802,0.0,0.0,0.0
9.85,147.953230802,0.0,0.0,0.0
9.86,147.953230802,0.0,0.0,0.0
9.87,147.953230802,0.0,0.0,0.0
9.88,147.953230802,0.0,0.0,0.0
9.89,147.953230802,0.0,0.0,0.0
9.9,147.953230802,0.0,0.0,0.0
9.91,147.953230802,0.0,0.0,0.0
9.92,147.953230802,0.0,0.0,0.0
9.93,147.953230802,0.0,0.0,0.0
9.94,147.953230802,0.0,0.0,0.0
9.95,147.953230802,0.0,0.0,0.0
9.96,147.953230802,0.0,0.0,0.0
9.97,147.953230802,0.0,0.0,0.0
9.98,147.953230802,0.0,0.0,0.0
9.99,147.953230802,0.0,0.0,0.0
10.0,147.953230802,0.0,0.0,0.0
